year,AVG(rating)
2021,7.839999961853027
2022,7.152631596515053
2023,7.014814783025671
