year,AVG(rating)
2001,8.100000381469727
2007,8.399999618530273
2009,8.399999618530273
2012,8.100000381469727
2013,8.300000190734863
2014,8.233333269755045
2015,8.150000095367432
2016,8.399999618530273
2017,8.200000127156576
2018,8.199999809265137
2019,8.350000063578287
2020,8.400000095367432
2021,8.0
2022,8.399999618530273
