genre,avg_rating
Biography,8.274999856948853
Crime,8.050000071525574
Drama,7.600000034679066
Romance,7.399999976158142
Thriller,7.316666603088379
Horror,7.300000190734863
Fantasy,6.933333237965901
Action,6.872727307406339
Comedy,5.919999885559082
Mystery,5.599999904632568
