genre,avg_rating
"Drama, Sport",8.600000381469727
Drama,8.433333396911621
"Drama, Family",8.399999618530273
"Comedy, Drama",8.399999618530273
"Biography, Drama",8.399999618530273
"Action, Crime, Thriller",8.300000190734863
"Drama, Romance",8.300000190734863
"Drama, Thriller",8.300000190734863
"Drama, SciFi",8.300000190734863
"Action, Drama",8.249999841054281
